0,pubid,applicants,title,fieldWords,funcWords,problemWords,techWords,similar
1,CN85100284A,北京大学,光调制自动光测弹性应力的方法和装置,光调制|自动|力学|弹性|光测|应力,提高动|提高程度|提高性|提高化|提高精度|提高量|提高应力|提高力|提高光|提高弹性|提高弹性度|自动化程度|自动化|提高度|高自动化,,力学|弹性|光测,100.0
2,CN85100894A,机械工业部北京机械工业自动化研究所,用于多齿分度装置，特别是用于多齿分度盘的弹性端齿盘组,特别|齿盘|弹性|弹性端|分度盘|精密|分度,提高度|提高弹性|提高性|提高弹性度,,精密|分度|弹性|齿端,62.77777777777777
3,CN85100894B,机械工业部北京机械工业自动化研究所,用于多齿分度装置，特别是用于多齿分度盘的弹性齿端齿盘组,特别|齿盘|弹性|齿端|分度盘|分度,提高度|提高弹性|提高性|提高弹性度,,精密|分度|弹性|齿端,62.77777777777777
4,CN85103210A,西安交通大学,利用全息共轭像测量物体表面位移的方法,力学测量|测量物体|分类法|国际|光测|全息|干涉|全息共轭|表面位移,提高度|提高量|提高精度,,力学测量|分类法|国际|光测|全息|干涉,61.666666666666664
5,CN85100321B,大连海运学院,油垫活塞柴油机,柴油机|连杆小端|距离|弹性|环节|内燃机|气缸盖|活塞式|油垫|活塞,提高热|提高性|自动地|提效率|提性能|方便地|方便地调节|方便地收|自动提高|低提高|自提高|降低动|改善性|提高性能|降低时|效率性能|方便地放|方便地升|降低压缩比|方便地加|方便地输|降低比|方便地访|能方便地|提高能|能方便|效率性|提高效|提高率|压方便|提高压缩比|提高负荷|性方便|方便行|环刚度|方便地测|方便地育|效率低|降低高压|方便加|方便地运行|方便地撑|提高比|提高低|提高热效|方便运行|达效率,,连杆小端|距离|弹性|环节|内燃机|气缸盖|活塞式|活塞,59.444444444444436
6,CN85200029U,清华大学,方向盘测力仪,测力|方向盘|工程车辆|转向|方向盘式|汽车|轻便性|试验,提高方便|测量方便|提高性|测量精度|提高精度|操方便|提高度方便|提高量|精度方便|提高操性性|操作方便|精度性|高方便|提高度,,工程车辆|转向|方向盘式|汽车|轻便性|试验,54.44444444444445
7,CN85100717A,中国科学院声学研究所,表面声波沟槽谐振器的制作工艺,沟槽|表面声波|制作工艺|谐振器|SAW,紫外线光|提高能|提高率|提高力|提分辨率|提高光|提高分辨度|提高能力|提高分辨率|提高度|提高精度,,表面声波|SAW|器件,54.44444444444445
8,CN85100043B,清华大学,假手自动换速增力机构,假手|自动|换速|康复|增力机构,,,动力式|康复,54.166666666666664
9,CN85101998A,何平平,加有一种放音控制电路的盒式磁带录音机,电路|自动|放音控制|盒式磁带|录音机,提高准确|提高准确性|准确性|提高性|强能力|提高准|高准确|加强能力,,录音机|自动,53.888888888888886
10,CN85100169B,中南制药机械厂,旁滤式自动离心机,固渣|自动|离心机|粘性|旁滤|细粒,高效易于操|易于操佳|高效离心|高易于操|完全自动|高效再生|高效分离|控制系统|完自动化|高自动化|固高效|易于操作|完全自动化|高效易|无控制系统|高易于|固紧强|外控制系统|高效自动化|性高效|完全动,,固渣|分离|自动|粘性|旁滤|细粒,53.888888888888886
11,CN85200347U,华中工学院,气液螺旋压力机,气液|螺旋压力机,提高动|机械自动化|化自动化|提效率|提高效|提高率|易于实现|提高速度|提高打|提高度,,,53.33333333333333
12,CN85200008U,天津大学,声光Q开关YAG激光器输出功率稳定装置,输出功率|声光Q|激光器|YAG,实结构简单|提高光功率|具有简单|功率稳定|本实用简单|成本低|本结构简单|实用简单|率稳定|有结构简单|高稳定|提高稳定|提高率|用结构简单|提高光|本用简单|结构简单|构简单|提高度|提高功率|输出稳定|光功率,,,53.33333333333333
13,CN86102002A,沈阳工业学院$$北安庆华工具厂,硅溶胶、水玻璃复合型壳,硅溶胶|水玻璃|复合型,提高性能|提高性|提高能|提性能|环境污染|提高型|易污染|提高量,,,53.33333333333333
14,CN85102187A,交通部上海船舶运输科学研究所,抓斗自动稳零装置,抓斗|自动,操方便|技术问题|输出信号|操作方便|用起重机,,自动,52.77777777777777
15,CN85100169A,中南制药机械厂,旁滤式自动离心机,固渣|自动|离心机|粘性|旁滤|细粒,固紧强|固高效|易于操作|高效分离|控制系统|易于操佳|性高效,,固渣|自动|高效分离|粘性|旁滤|细粒,52.77777777777777
16,CN85102439A,方大同,强应力定位万能顶尖,万能|顶尖|机械加工|定位|应力|中心定位,结构成本低|方便成本低|构简单方便|制成本低|成本低|简单低|简单便|制造方便|简单成本|方便成|单成本低|结构成本|简单制方便|方便低|结构方便|结构简单|构简单|简单方便|简单成本低|简单制|制造成本|方便成本|制造成本低|简单制造,,机械加工|固定|中心定位,52.77777777777777
17,CN85200873U,邢天明,密码防盗防火报警装置,防火报警|无线对讲|自动|发出|报警信号|密码防盗,实用码,,无线对讲|自动|发出|室内防盗|报警信号,52.77777777777777
18,CN85200228U,机械工业部济南铸造锻压机械研究所,弹性衬圈混料机,分离|衬圈|混合|弹性|铸造|混料机,提效率|大节省|提高效|节省功率|节省机,,分离|混合|铸造,52.77777777777777
19,CN85200431U,张腾广,厕所节水自动冲刷水龙头,冲刷|水龙头|厕所节水|自动,构造简单|构简单,,厕所|自动,52.77777777777777
20,CN85101968A,何平平,一种盒式磁带录音机全自停电路,盒式磁带|录音机|自动|自停电,降低成本|电磁铁|降成本,,盒式磁带|录音机|自动,52.77777777777777
21,CN85105365B,冶金工业部第五冶金建设公司$$冶金工业部自动化研究所,车用侧置气门汽油发动机的闭缸节油装置,气门|闭缸节油|车用|车用汽油|汽油发动机,提高动|较提高|提高性|提性能|本提高性能|提高经济性|提高用|提高性能|大提高性|显著降|提高能|用提高性能|较大提高|显著降低|地提高性|大提高|经济性|大提高性能|地提高|幅度提高|提高经济,,发动机|车用汽油,52.22222222222222
22,CN85103426A,兵器工业部第二零七研究所,金属-聚四氟乙烯管状加热装置及其制造方法,薄膜层|电加热|制造|金属管|蒙覆|塑料化|加固|表面|封装|加热|聚四氟乙烯|金属|管状,提高热|提高性能|提高性性能|提高性|提高能|提高化|提性能|加性能|提高耐|提高绝缘性,,薄膜层|电加热|金属管|蒙覆|塑料化|加固|表面|封装|聚四氟乙烯,52.22222222222222
23,CN85105365A,冶金工业部第五冶金建设公司$$冶金工业部自动化研究所,车用侧置气门汽油发动机的闭缸节油装置,气门|闭缸节油|车用|车用汽油|汽油发动机,提高动|较提高|提高性|提性能|本提高性能|提高经济性|提高用|提高性能|大提高性|显著降|提高能|用提高性能|较大提高|显著降低|地提高性|大提高|经济性|大提高性能|地提高|幅度提高|提高经济,,发动机|车用汽油,52.22222222222222
24,CN85100979A,董玉海$$陈敦丽,数形结合直列输入式的电子计算器和电子计算机,输入|直列|输入式|特别|特殊|算盘式|电子计算机|电子计算器|数形,提高性|提高子|提高速度|通改进|可靠性|提高度|提高用,,输入|特别|特殊|算盘式|电子计算机|电子计算器,52.22222222222222
25,CN85103320A,丹东市浪头标准件厂$$丹东轴承厂,圆柱滚子轴承双端盖实体保持架及其制造方法,保持架|制造|端盖|实体|圆柱滚子轴承,高精度|加强轴|提效率|提高精度|提高效|降低成本|提高率|降成本|适应强|低成本|高效率|提高效率|提高度,,组合型|实体|圆柱滚子轴承,52.22222222222222
26,CN85200297U,华东师范大学$$上海申华微波炉厂,一种用于电加热的微波加热装置,微波加热,提高热|提高性|提高均匀|高均匀|均匀性|提高了速度|均匀加|加均匀性|提高速度|均匀热|提高均匀性|提高度,,微波加热,52.22222222222222
27,CN85103735A,浙江省建筑科学研究所,高精度直接显示强劲弦张(拉)力的测力电路,测力|高精度|电路|特别|精度|测定|显示,电路降低|高精度|提高差|提高精度|实用强|提高措施|精度降低|数降低|降低差|实用性|降低误差|实用性强|强耐好|提高低|高降低|高精度差|提高度|中降低误差,,测力|电路|特别|精度|测定|显示,52.22222222222222
28,CN85101009A,地质矿产部矿床地质研究所,矿物、微体化石、粉末介质材料的射频高压介电分离技术,分离|介电|高压|发明|粉末|微体化石|矿物|射频|介质材料,成果效率|提效率|高提高率|提高分辨力|明提高效率|度提高效率|分效率|大提高效率|幅度提高度|高高效|高提高效率|提高效|提高率|本提高效率|大效率|提高力|提高效率度|提高分辨度|高效率|获得效率|提高效率|提高纯度|提高度|高提高|成高效|比之提高|大提高|高效度|比提高效率|幅度提高,,矿物,52.22222222222222
29,CN85100285B,北京大学$$潍坊电子计算机公司,高分辨率汉字字形发生器,发生器|字形|高分辨率|汉字,提高性能|提高性|提高能|提高价格比|提性能|降低成本|降成本|低成本|便于维护|提高比|提高价格|有利降低|大减少|便于生产,,,51.66666666666667
30,CN85100285A,北京大学$$潍坊电子计算机公司,高分辨率汉字字形发生器,发生器|字形|高分辨率|汉字,提高性能|提高性|提高能|提高价格比|提性能|降低成本|降成本|低成本|便于维护|提高比|提高价格|有利降低|大减少|便于生产,,,51.66666666666667
31,CN85200128U,南京工学院,差动压实造型机,压实|机器|造型机|制造砂型|差动,减少工时|内降低|内提高|降低高度|获得准确|提高型|紧实度|提高度|提高实度,,,51.66666666666667
32,CN85200499U,长沙矿山研究院$$上海有色金属焊接材料厂,耐磨合金焊条,耐磨合金|焊条,提供性|提供好|提高性|提性能|性能成本|成本低|耐磨性|比降低％|提高性能用|提高性寿命|提高磨性|提高用|提高性能|用提高寿命|比提高倍|提成本低|性寿命|提供性能|提高耐|磨损寿命|本新型提供|提供能|性成本|性能好|提高寿命|性能低|性能耐|节省元|提高倍|用提高性能|性能高|提高能|性能好低|用成本低|提供成本|成本低耐|实用成本低|能成本|好成本低|耐磨性能好|提供成本低|提高耐磨性|成本低的|实用好,,,51.66666666666667
33,CN85200867U,雷良榆,一种柔性齿齿轮,柔性|齿齿轮,提高长比|提高性|性寿命|延长寿命|提高性寿命|提高寿命|可靠性,,,51.66666666666667
34,CN85100316A,东北工学院,双金属带剪切变形固相复合工艺技术及装置,生产双金属|双金属|复合工艺|带材|剪切变形|固相,提高收得率|提高得率|提高量,,,51.66666666666667
35,CN85100044B,清华大学,深水池式供热堆,供热堆|低温|深水池,简单小大|保性能|具有安全|简单高安全|持简单|简单有|简单高|简单安全小|性能优|度安全性|提结构简单|明结构简单|简单性|本结构简单|供结构简单|提高经济|简单性小|简单小|安全小高|提供结构|简单小高|简单安全|简单度性能|简单有安全|持简单高|简单经济|简单高小|安全性好|提供热|简单高广|提高效|简单性能|保安全|有安全性|高安全|提高温度|提高水|保结构简单|简单能|安全性能|结构简单|安全经济|构简单|安全小|提高度|提供简单|明简单|安全性|持结构简单|结构安全|简单小少|提效益|简单小光|简单安全性|安全好|简单度|本提供简单|简单高少|保持简单,,供热堆|低温,51.111111111111114
36,CN85100523A,于志伟,可集成化的高频宽带超线性放大器及其制造方法,组合|可集成化|应用领域|直流|线性|负反馈|任意组合|薄膜生产|放大器|厚膜|宽带|任意|生产|制造|稳定|集成|低频|高频|反馈|可靠|性能|低噪声,超饱稳定|高稳定|用自动化|自动化制|稳定加|稳定低|复杂多|可自动|自动化|稳定噪声,,组合|厚膜|生产|任意|直流|稳定|宽带|反馈|线性|负反馈|集成|低频|任意组合|可靠|薄膜生产|性能|高频|低噪声,51.111111111111114
37,CN85103708A,浙江大学,短线微差起爆器,点火器|起爆器|点火装置|微差,提高动|成本高|降低条件|降低动|成本高少|降低成本|成本优|降成本|提高效|低成本|低提高|提高条件|提高工|提高工效|精度高|低成本高|能成本,,点火器|点火装置,51.111111111111114
38,CN85100979B,董玉海$$陈敦丽,数形结合直列输入式的电子计算器和电子计算机,输入|直列|输入式|特别|特殊|算盘式|电子计算机|电子计算器|数形,提高子|通改进|提高速度|提高度,,输入|特别|特殊|算盘式|电子计算机|电子计算器,51.111111111111114
39,CN85103205A,杨怀祥$$朱洪珍,釜底波轮搅拌器反应釜,搅拌器|化工领域|粉沫|玻璃|搅拌混合|新颖|流体物料|搅拌设备|波轮|釜底|物料|反应釜,备稳定性|提高性|高稳定|提高稳定|提高稳定性|提稳定性|降成本|降低成本|提高设备|提高备|提高定性|稳定性|设备稳定,,搅拌器|化工领域|粉沫|玻璃|搅拌混合|新颖|流体物料|搅拌设备|物料|反应釜,51.111111111111114
40,CN85102425A,杨士钧,卷烟制丝新工艺及其新设备,卷烟制丝|卷烟|新工艺,简单合理|简单紧凑|减少工序|紧凑合理|减少破碎|流程简单|增加长|提高纯度|提高度,,卷烟|制造,51.111111111111114
41,CN85100044A,清华大学,深水池式供热堆,供热堆|低温|深水池,简单小大|保性能|具有安全|简单高安全|持简单|简单有|简单高|简单安全小|性能优|度安全性|提结构简单|明结构简单|简单性|本结构简单|供结构简单|提高经济|简单性小|简单小|安全小高|提供结构|简单小高|简单安全|简单度性能|简单有安全|持简单高|简单经济|简单高小|安全性好|提供热|简单高广|提高效|简单性能|保安全|有安全性|高安全|提高温度|提高水|保结构简单|简单能|安全性能|结构简单|安全经济|构简单|安全小|提高度|提供简单|明简单|安全性|持结构简单|结构安全|简单小少|提效益|简单小光|简单安全性|安全好|简单度|本提供简单|简单高少|保持简单,,供热堆|低温,51.111111111111114
42,CN85100366A,陈家山,水压式波浪能发电装置,水压式|波浪能发电,提高时|增加用|明降低|低提高|提高用|降低小高|降低时|提高数|成本高少|提高电能|降低量|增加小|降低质量|成本高小|降低用|提高小|提高能|提高量|降低电能|能成本|成本高|降低数|降低小|降成本|降低能|和增加|成本小,,箱式,51.111111111111114
43,CN85102604A,福建师范大学,树脂型锡焊助焊剂,助焊剂|软钎焊|树脂型|锡焊,时提高性|方便成本|性能性|提高性|方便降|性能高|提高率|降低成本|方便降成本|降成本|便降低|方便低|低成本|方便成|取方便|可自动|方便降低|提高绝缘性,,助焊剂|树脂型|软钎焊,51.111111111111114
44,CN85200136U,南京工学院,温度程序控制仪,控制|温度测量|程序控制|温度,提高性|降低成本|降成本|低成本|减少数量|简化电路,,控制|温度测量,51.111111111111114
45,CN85200412U,首都钢铁公司,双曲线型内结晶器,生产|铸管|双曲线型|连续|结晶器,提高质量|提高量,,生产|铸管|铁管|双曲线型|连续,51.111111111111114
46,CN85200302U,田守信,一种带匙轮的综合播种机,带匙,提高均匀性|高均匀|提高性|提高均匀,,带匙,51.111111111111114
47,CN85200247U,吴承远,带密闭膜的双通道静脉输液导管,特别|静脉|双通道|输液导管|密闭,方便等|提效率|操方便|提高效|提高率|提效率质量|减轻强|避免方便|提高疗效|强耐好|操作方便|劳动强度|提高量,,特别|静脉|双通道|输液导管|密闭,51.111111111111114
48,CN85200357U,陶增蜀,带遥控盒的可控硅调压系统,调压|可控硅,提高性|提性能|本简单高|简单性|本结构简单|简单性高|可靠性高|可靠性|提高性能|提高操性性|置结构简单|提高能|简单高广|装结构简单|提高系|结构简单|构简单|装置简单|提高系统|简单高|简单高少|明显提高,,可控硅,51.111111111111114
49,CN85200373U,重庆工业自动化仪表研究所,无开关动态电子轨道衡,轨道衡|动态|电子|重量|车头|行进|水车|列车|自动识别,提高性|提高系统|降低成本|降成本|低成本|提高系,,轨道衡|动态|电子|重量|车头|行进|水车|列车|自动识别,51.111111111111114
50,CN85200264U,南京工学院,多层平面的压电薄膜水听器,超声|特别|波形|100|压电薄膜|频段|多层平面|声传感|50|窄脉冲|HZ|水听器,型提高|用灵敏度|结构提高|提高灵敏|提高灵敏度|提高度,,超声|特别|波形|100|频段|声传感|50|窄脉冲|HZ|水听器,51.111111111111114
51,CN85107459A,冶金部包头钢铁设计研究院,带短路圈的频敏转差率调节器,转差率|短路|调节器,提高业率|发方便|构简单方便|充分利用|容易维护|简单容|明结构简单|本结构简单|本简单制造|改善性|本简单方便|增加成分|简单便|简单制容易|提高数|容易方便|制造方便|增加功率|调节性能|调节能|能充分利用|简单维护|提高功率数|提高产量|简单易|到充分利用|提高率|简单容易|简单易方便|简单易高|简单制方便|结构方便|本简单容易|结构简单|提高功率|高提高|构简单|简单方便|简单制造|明简单|本简单维护|提高产|简单制|简单容维护|地增加|提高条件|本简单制|提高量,,特别|转差率|调节器,51.111111111111114
52,CN85107680A,李利,运载工具用的内燃机脉冲工作节油装置,内燃机|脉冲工作|运载工具|节油,较提高|提高性|提性能|本提高性能|提高经济性|提高性能|大提高性|显著降|提高能|用提高性能|降低物|较大提高|显著降低|地提高性|大提高|利用性|经济性|大提高性能|地提高|幅度提高|提高经济,,内燃机|脉冲工作|运载工具|工况,51.111111111111114
53,CN85102797A,内蒙古自治区电子研究所,低压直流点燃直管形荧光灯的方法及其使用的变流器,低压直流|变流器|电子|直管形|荧光灯|点燃,提高光|提高效|提高光效,,电子,51.111111111111114
54,CN85100823B,华中工学院,后置导叶翼型斜流式风机,后置|风机|导叶|翼型|流式,,,后置|风机|导叶|翼型|流式,50.0
55,CN85100823A,华中工学院,后置导叶翼型斜流式风机,后置|日本|风机|理论|通风机|IN|倾斜|轴流风机|翼型|导叶|流式|设计方案|西德|埃克|计算|叶片式,,,后置|日本|风机|理论|通风机|IN|倾斜|轴流风机|翼型|导叶|流式|设计方案|西德|埃克|计算|叶片式,50.0
56,CN85102442A,福建省机械科学研究院,稻麦呈直立的收获输送流程及其机器,收获|稻麦|机器|半喂入|收割|输送|直立,降成本,,收割|稻麦|半喂入,50.0
57,CN85102442B,福建省机械科学研究院,直立输送禾杆的联合收割机,半喂入|禾杆|联合收割机|谷物|联合|机械化收获|输送|直立,降成本|调方便|降低用|结构简单|构简单,,谷物|联合|半喂入|机械化收获,50.0
58,CN85100840A,张启风,旋转冲击式凿岩机,特别|旋转冲击|采矿|凿岩机|旋转冲击式|采石,平衡提高|降低成本|降成本|增加功率|低成本|明降低|降低能|方便用|降低能源|和提高,,特别|旋转冲击|采矿|凿岩机|采石,50.0
59,CN85100678B,铁道部科学研究院机车车辆研究所,(双)波峰有内凹的挠性元件,仪器仪表|通用机械|元件|原子能|圆筒|敏感元件|膨胀节|圆柱形|密封元件|补偿元件|广泛|自动控制|动力机械|波峰|化工|单元|减振元件|炼油|联接件|挠性,,,仪器仪表|通用机械|元件|原子能|圆筒|敏感元件|膨胀节|圆柱形|密封元件|补偿元件|广泛|自动控制|动力机械|化工|单元|减振元件|炼油|联接件|挠性,50.0
60,CN85100037A,清华大学,焊接电源外特性控制法，弧焊机及其电路,控制法|电路|弧焊机|焊接电源,提供特性|提供性|提供动|提供电|可自动,,焊接电源,50.0
61,CN85100186B,西北工业大学$$宝鸡消防器材厂,组合式火药燃气发生器发射灭火干粉的方法与装置,粉剂|火灾|火药|组合式|扑火|电器|干粉|灭火|发射|燃气发生器,明简单|明结构简单|本结构简单|维护方便|结构简单|构简单,,粉剂|火灾|扑火|电器,50.0
62,CN85100275B,北京大学$$潍坊电子计算机公司,照排机和印字机共享的字形发生器和控制器,照排机|发生器|中等|分辨率|高质量|激光|控制器|办公室|发明|计算机|字形|高分辨率|汉宇|共享|汉字|校对|前者|印字机,快速低|降低小高|快提高|快速提高|加快速度|快速小立|快速提|速度降低|降低小|降低高效|提效益|提高效|快速小|低高效|快速降低|降低造价|降低体积|快速高效|低提高|快速降,,中等|分辨率|高质量|激光|办公室|发明|计算机|字形|高分辨率|汉宇|校对|前者|汉字,50.0
63,CN85100841B,北京有色金属研究总院,一种用于伴有沉淀生成和分离的溶剂萃取方法和装置,分离|澄清型|混合|溶剂萃取|沉淀,适应性强耐|提供性|提效率|提供效率高|提供量|提供强|效率分离|提供设|高自适应|适应性强|效率大|提供能|提供高|适应设备|强设备|效率性|效率高|提供效率|效率性强|提供大|效率高的|提供设备|适应性能|提供备|适应强|提供性强|效率强|强耐好,,分离|澄清型|混合|溶剂萃取|沉淀,50.0
64,CN85100223B,武汉大学$$湖北省农科院$$湖北省林科所,饲养赤眼蜂的人工寄主卵卡,人工|寄主|赤眼蜂|饲养|分类号|国际|发明|AOI|动物饲养|卵卡,,,分类号|AOI|国际|发明|动物饲养,50.0
65,CN85105662B,浙江大学,同步——异步变速恒频发电机,异步|恒频发电|同步|变速,制造方便|发方便,,,50.0
66,CN85102613A,徐庭中,通用螺钉、螺钉起,机械|通用|螺钉,方便快|功效高,,机械,50.0
67,CN85103272A,吴建中,环形涨式制动器,涨式|车轮|制动器|汽车|环形,效率高简单|高均匀|效率低均匀|低中均匀|效率高低廉|高低廉|构造简单|简单调整|其优点是|制动效率|构造简单低|方便地|方便地收|方便装|简单低|高简单低廉|方便有|大简单|高造价低|效率高均匀|方便地放|动效率高|构简单低廉|简单造价低|简单制动力|效率简单|构造简单制|简单廉|低均匀|方便地升|简单调|简单平|简单平衡|方便地输|面积效率高|方便地访|方便机动|方便改装|效率高|大效率|简单间隙|高简单|简单低廉|低廉均匀|间隙均匀|效率用|简单低廉需|方便地测|方便用|大效率高|构简单|高简单低|简单中|方便地育|制简单低廉|要简单|效率低|简单制|简单均匀|方便地有|动简单|简单需|效率高用|方便地撑|方便动|大造价低|大简单低廉|造价低廉,,汽车|制动器|车轮,50.0
68,CN85100999A,郑州工学院,“变匝调速”法及其变匝电动机与开关,电动机|调速,维修方便|制造方便|方便行|结构简单|方便运行|构简单|方便便宜,,,50.0
69,CN85100424A,上海医疗器械研究所,恶性肿瘤固有荧光诊断仪,固有荧光|医用诊断|恶性肿瘤|诊断仪,快速简便|快速无损|快速无|快速无损伤,,医用诊断,50.0
70,CN85100357A,陈家山,脉冲气流沉桩法,钢筋混凝土|海域|沉桩|相应|沉积层|新型|江河|预制|脉冲气流|大陆架,,,钢筋混凝土|海域|沉桩|相应|沉积层|新型|江河|预制|大陆架,50.0
71,CN85100916A,施天亮$$陈守碧,分离式吸尘器,吸尘器|分离式,提供高效|提供器|合理利用|利用高效|合理用|合理高|提供工|提供合理|提供用|地高效|高效吸|合理高效|提供压|提供高,,吸尘器|分离式,50.0
72,CN85103486A,闵志骞,直读式数字传感器,直读式|传感器,稳定性度|性能差|结构稳定|性能度|结构稳定性|稳定性低|性能精度|有稳定性|复杂差|稳定低|稳定性能|稳定性|稳定性精度|有结构稳定|传感器|器稳定性,,,50.0
73,CN85100027A,天津大学,内热虹吸沸腾元件,石油化工|换热器|原子能|沸腾|元件|热虹吸|蒸发器|单元体|工业|强化传热|化学工业,高效排除|元件简单|高效排|高效产生|点结构简单|分离器|高效分离|本结构简单|改善过程|大改善|结构简单,,石油化工|换热器|原子能|元件|蒸发器|单元体|工业|强化传热|化学工业,50.0
74,CN85100857A,北京工业学院,单泵浦交叉棱镜腔激光振荡—放大器,放大器|单泵浦|棱镜|激光振荡|新型|高效率|交叉,有效率|稳定性高|效率高|效率输出|机械稳定性|效率大|稳定性|机械稳定,,激光振荡|固体|新型|高效率,50.0
75,CN85103976A,沙小如,直肠肿块活检深部取样针,直肠|活检|肿瘤诊断|发明|肿块|取样针|深部,提高率|提高正确率,,肿瘤诊断|发明,50.0
76,CN85102564A,宗有根,一种多功能低噪声乐音电子喇叭,多功能|运输工具|乐音|场合|电子喇叭|低噪声,汽车安全|安全驶|效果好|噪声低好|安全用,,运输工具|场合,50.0
77,CN85101007A,郑州工学院,激光散斑验光机,眼睛|视力|测定|验光机|激光散斑,精度高|结构简单,,眼睛|测定|激光散斑|视力,50.0
78,CN85102575A,南开大学,降钙素精制的新工艺,降钙素|新工艺|生物化学|宇航员|临床|保健|家禽|多肽激素|治疗用途|航天事业|诊断|工业|精制|生化制药|生物化工,经济效益|提高效|提效益|降成本|提高经济,,降钙素|宇航员|生物化学|保健|临床|家禽|多肽激素|治疗用途|航天事业|诊断|工业|生物化工|生化制药,50.0
79,CN85100743A,吴佑之,轴与轮轱的滑销联接结构,机械|轮轱的|转轴|联接结构,满足用,,机械|轮轱的|转轴,50.0
80,CN85100026A,天津大学,脉冲碰撞双锁模激光器,锁模激光器|碰撞|脉冲|受激发射,具有简单|稳定效率|效率高低廉|性成本低廉|稳定性低|高成本低廉|高低廉|成本低|转换成本低|稳定性|效率成本|冲效率|宽成本低|稳定高低廉|稳定低廉|稳定效率高|稳定成本低|稳定性度高|稳定成本|宽成本低廉|性成本|有结构简单|度效率高|宽效率高|换低廉|稳定性效率|效率高|转效率|度成本低|稳定效率低|转换效率|结构简单|稳定性度|性效率|构简单|成本低等|稳定性高|效率低|稳定性高广|高成本|宽度效率|稳定低|高成本低|换效率高|效率成本低,,受激发射,50.0
81,CN85104748A,朱荣辉,手表式遥控钥匙频谱密码电子锁,特别|频谱|电子锁|手表式|密码电子锁|记忆|金属|钥匙|遥控钥匙,用安全性|使用方便|便安全|安全好|安全性|保安全|高安全|方便安全性|成本低|方便全|方便高好|使用安全|保密安全|方便好|保密安全性|安全性好|方便高|方便易,,特别|电子锁|记忆|金属|钥匙,50.0
82,CN85102539A,陈鸿林,用于采贝特别是采蛏的船拖采贝机,特别|贝机|水产|捕捞|采蛏,控制均衡|调节均衡,,水产|捕捞,50.0
83,CN85100879A,中国科学院化学研究所,高稳定性多羟基硅油乳液及其制法,制法|硅油乳液|处理剂|纤维|脱膜剂|稳定性|多羟基,,,纤维|处理剂|脱膜剂,50.0
84,CN85100883A,中国科学院化学研究所,聚合物配体多相化了的铑催化剂及其制法,聚合物|多相|制法|铑配合物|配体|铑催化剂,增加性|增加活性,,铑配合物,50.0
85,CN85100984A,北京工业大学,一种测定电源扰动的方法,干扰|正弦|叠加|扰动|三相|测定|脉冲|电源|电压|电源频率,快速检|快准确|快速测|实时地|准确检|准确测|实时地传|实时快速|行准确|快速准确测|设备机|实时地测|快速检测|快速准确|实时准确,,干扰|正弦|叠加|扰动|三相|测定|脉冲|电源|电压|电源频率,50.0
86,CN85103037A,华中工学院$$葛洲坝水利发电厂,仿真状态量最优控制电力系统稳定器,最优控制|稳定器|低频振荡|仿真|抑制电力|电力系统,成本简单|本简单高|距离增加|较高等|远距离输|成本低|简单性|避免带|状态稳定|能力增加|较简单|抑制系统|成本性|成本低优|简单性高|可靠性|控制稳定|稳定系统|远距离送|现有成本|有成本低|体积小简单|体积小高|成本高少|成本优|体积小安装|技术简单|远距离输送|电稳定|远距离发电|体积小低|抑制动|体简单|远距离|简单高广|抑制电振荡|稳定电力|小成本高|现有成本高|安装简单|体积小|成本低简单|电力稳定|系统稳定|体积成本|成本高|系统抑制|成本低高|成本低等|避免时|较简单高|成简单|距增加|成本低安装|低简单|稳定低|力稳定|简单高|小成本低|简单高少|避免量,,低频振荡|抑制电力,50.0
87,CN85104898A,西安交通大学,外圆磨削在线测量光纤量仪,机床|测量光纤|工作|工人|在线|外圆磨削|量仪|仪器|机械加工|停止|手工工具|精密测量|工件,可靠性强|仪器简单|器结构简单|得结构简单|成本低|结构简单|构简单|可靠性,,机床|工作|工人|机械加工|仪器|停止|手工工具|精密测量|工件,50.0
88,CN85102946A,上海水产学院,双向螺杆三滚子式自动排缆器,自动排缆|滚子式|船舶甲板|螺杆|双向,,,船舶甲板|绞缆机,50.0
89,CN85102421A,徐鸿章,双向高效保温瓶,保温瓶胆|保温|沸水|轻工业部|高效|保温瓶|日用品|双向|注入|倒置|轻工|24小时|测温,提高倍|提高时|提高水|提高准|高效用|提高标准|高效改进|提高小,,保温瓶胆|保温|沸水|轻工业部|日用品|注入|倒置|轻工|24小时|测温,50.0
90,CN85102929A,施国梁,第二代热管,第二代|热管,,,第二代|热管,50.0
91,CN85103872A,徐永和,内燃锅炉,内燃|热工|锅炉|生产蒸汽,蒸高效,,热工|生产蒸汽,50.0
92,CN85102537A,于乃旬$$陆耀桢,能够场外显示的围棋棋具,日用|体育用品|用品|棋具|棋类|竞赛|显示|围棋,明显示,,体育用品|用品|日用|竞赛|棋类,50.0
93,CN85100915A,机械工业部郑州机械研究所,用于喷砂磨蚀的透明砂粉混合罐,TM|VOL|Air|CE|GE|Laboratory|混合罐|喷砂|ALN|ras|Re|砂粉|样本|.1|Limited|磨蚀|杂志|STR|19|Ab|76|GB|106|NO|Model|透明,,,空气,50.0
94,CN85100834B,航天工业部八五一一研究所,除氧剂,封存|粮食|食品|除氧剂|化学|档案,,,封存|粮食|食品|除氧剂|化学|档案,50.0
95,CN85100834A,航天工业部八五一一研究所,除氧剂,封存|粮食|食品|除氧剂|化学|档案,,,封存|粮食|食品|除氧剂|化学|档案,50.0
96,CN85100588A,陈明远,声韵式全音节同步输入电脑健盘,声韵|电脑|中文信息处理|计算机|音节|同步输入,能快速,,计算机|中文信息处理,50.0
97,CN85102410A,孙义昌,内燃机排气消声器,排气系统|汽车|特别|消声器|内燃机|排气消声器,输出功率|提高比,,排气系统|特别|消声器|拖拉机|内燃机|汽车,50.0
98,CN85100100A,清华大学,汽车变速比循环球式转向器,变速|球式转向器|汽车|循环,方向角|比增加％|间增加|向增加|和增加|随增加,,变速|循环|汽车转向,50.0
99,CN85100588B,陈明远,声韵式全音节同步输入电脑健盘,声韵|电脑|中文信息处理|计算机|音节|同步输入,能快速|快速输入,,计算机|中文信息处理,50.0
100,CN85100032B,天津大学$$交通部第一航务工程勘察设计院天津市橡胶工业研究所,海船闸的隔膜防咸省水方法和设施,船闸|设施|海水入侵|船舶|隔膜|咸省,,,咸省,50.0
101,CN85100913B,国营黄石纺织机械厂,复合导布辊的制造方法,制造|纺织印染机械|复合|导布辊|主要,比提高％|工艺简单|抗能力强|克服缺陷|强性能|能力性能|强提高|抗性能|强耐好|能力强,,制造|纺织印染机械|复合|导布辊|主要,50.0
102,CN85100032A,天津大学$$交通部第一航务工程勘察设计院天津市橡胶工业研究所,隔膜防咸省水船闸,船闸|海水入侵|河道|船舶|隔膜|省水船闸|咸省,,,咸省,50.0
103,CN85100663B,冶金工业部钢铁研究总院,核工业用镍基钎焊料,核工业|钎焊料|镍基,强性能|强耐好|强腐蚀|抗性能,,核工业|新颖|镍基,50.0
104,CN85100037B,清华大学,焊接电源外特性控制法，弧焊机及其电路,控制法|电路|弧焊机|焊接电源,提供特性|提供性|提供动|提供电|可自动,,焊接电源,50.0
105,CN85100275A,北京大学$$潍坊电子计算机公司,照排机和印字机共享的字形发生器和控制器,照排机|发生器|中等|分辨率|高质量|激光|印刷|控制器|办公室|计算机|字形|高分辨率|印字机|共享|校对|前者|汉字,快速低|降低小高|快提高|快速提高|加快速度|快速小立|快速提|速度降低|降低小|降低高效|提效益|提高效|快速小|低高效|快速降低|降低造价|降低体积|快速高效|低提高|快速降,,中等|分辨率|高质量|激光|印刷|办公室|计算机|字形|高分辨率|自动化|校对|前者|汉字,50.0
106,CN85100287B,浙江大学,高压纯气气瓶截止减压两用阀,减压|两用|高压|截止|气瓶|纯气,本紧凑方便|满足度|本结构紧凑|结构紧凑|结构紧凑操|操方便|高要求|紧凑操方便|结构方便|紧凑方便|满足度要求,,高压,50.0
107,CN85100663A,冶金工业部钢铁研究总院,核工业用钎焊料及其制造工艺,核工业|新颖|钎焊料|制造工艺,强性能|强耐好|强腐蚀|抗性能,,核工业|新颖|镍基,50.0
108,CN85100001A,航天工业部第二研究院二○七所,可变光学滤波实时假彩色显示的方法和装置,光学|可变|假彩色|光学滤波|显示,明显示,,光学,50.0
109,CN85105662A,浙江大学,同步——异步变速恒频发电机,异步|恒频发电|同步|变速,制造方便|发方便,,,50.0
110,CN85101000A,郑州工学院,一种脱除硫化氢的方法,天然气|催化|硫化氢|脱除|水煤气|除去|气体|合成气|二氧化碳|化学工业,,,天然气|催化|硫化氢|脱除|水煤气|除去|气体|合成气|二氧化碳|化学工业,50.0
111,CN85102382A,华中工学院,谐波起动方法及按该方法起动的电动机,交流电动机|电动机|谐波|转子绕组|起动|联结,型效率|型提高|提效率|提高运行率|提高效|改善性,,起动|联结|交流电动机|转子绕组,50.0
112,CN85103824A,东北输油管理局铁岭机修厂,锡青铜铸件的压力铸造法,青铜铸件,寿命降低|提高产|提高生产率|提高率|提高产率|寿命低|使用寿命,,青铜铸件,50.0
113,CN85103387A,吉永祥,一种荨麻疹药的生产方法,治疗荨麻疹|疗法|生产|药品|荨麻疹,提高大|提高效|提高取|提高提取量|有效成分|提高效用|提高疗效|提高用,,治疗荨麻疹|疗法|生产|药品|荨麻疹,50.0
114,CN85101831A,郑子良,酱油制作方法,花生麸|酱油制作|制作方法|制作|发明|原料|调味品,操方便|成本低,,制作|花生麸|调味品|原料,50.0
115,CN85103271A,北京农业机械化学院,新型多用旋转耕作部件,耕作|新型|部件|旋转,具有简单|有结构简单|结构广|性能好|性能性|简单好|简单好适应|简单良好|简单适应|简单性能好|简单好广|简单广|性良好|简单性|简单性能|简单能|性能良好|结构简单|构简单,,旋转|耕作|新型|耕作机械,50.0
116,CN85100851A,王仲钧,垂直拉帘涂布的方法,运动|生产|涂层|感光材料|垂直拉|均匀|银盐|液体|涂布,能均匀,,运动|生产|涂层|感光材料|均匀|银盐|液体|涂布,50.0
117,CN85100486A,谈诚$$江丽华,摆动活塞内燃发动机,摆动|发动机|活塞内燃|多缸|活塞,结构成本低|简单制造|简单造成低|简单成本低|单成本低|简单制|结构成本|简单成本|制成本低|制造成本|简单造成|成本低|简单低|结构简单|制造成本低|构简单,,摆动|多缸|活塞,50.0
118,CN85102459A,山东省新材料研究所,铬渣人工骨料,骨料|铬渣|人工,节省量|生产成本|降成本|降低投资|节省源,,铬渣|人工,50.0
119,CN85104387A,徐国光,甘薯脱色脱味剂,处理|涤剂|甘薯|褐度|异味|食用|原料|味剂|脱色,提高价值|提高用,,处理|涤剂|甘薯|褐度|异味|食用|原料|脱色,50.0
120,CN85102796A,徐庭中,螺旋弹片自动变速免震轮,弹片|免震|螺旋|自动变速,操简单|自动地|准确动|操方便|自动准确|动准确|准确速度|操方便简单|便简单|构简单|操纵方便|结构简单|准确及时|方便简单,,,50.0
121,CN85104657A,李林森,木工多功能安全刨床,45|牧田|刨削|手工|木工|DN|BL|木工加工|00|刨床|10|检索|25型|PL|VI|Power|部份|生产|制造|11|资料|机械|世界|80|ac|192|Kit|人类|电刨|De|最早|电机制作|多功能安全|TG|LIN|B型,操准确|操作简便|长安全|简便准确|避免人|完全避免,,45|牧田|刨削|手工|木工|DN|BL|木工加工|00|10|检索|25型|PL|VI|Power|部份|生产|制造|11|资料|机械|世界|80|ac|192|Kit|人类|电刨|De|最早|电机制作|TG|LIN|B型,50.0
122,CN85100563A,南京工学院,大功率氦氖激光器,放电|氦氖|截面|大功率|气体激光器|氦氖激光器|毛细管|圆形|气体,大功率,,放电|氦氖|截面|气体激光器|氦氖激光器|毛细管|圆形|气体,50.0
123,CN85104442A,邹宝璋,直筒型双旋风旁路除尘器,双旋风|特别|除尘器|直筒型|旁路,简单便|结构简便|简简便|简单简便|高效除|简单工|结构简单|除高效|构简单,,双旋风|特别|除尘器|直筒型|旁路,50.0
124,CN85103505A,上海市纺织科学研究院,一种手用式空气拈结器,手用式|络纱机|空气|纱线|结器,调节方便|工艺方便|调方便,,纱线|络纱机,50.0
125,CN85102589A,南开大学,按键式快速脉冲“拨号”电子电话机的呼叫系统,按键式|快速|电子|脉冲|拨号|电话机|呼叫,准确工,,电信技术,50.0
126,CN85100915B,机械工业部郑州机械研究所,用于喷砂∴蚀的空气砂粉混合罐,TM|VOL|Air|CE|GE|Laboratory|混合罐|喷砂|ALN|ras|Re|砂粉|样本|.1|Limited|杂志|STR|19|空气|Ab|76|GB|106|NO|Model,结构简单|构简单,,空气,50.0
127,CN85100676A,铁道部科学研究院机车车辆研究所,排气管路隔热装置,特别|燃气轮机|内燃机|排气管路|隔热,具有简单|简单工艺性|效果好|降低面|简单性|降低壁|简单工,,特别|燃气轮机|内燃机|排气管路|隔热,50.0
128,CN85100676B,铁道部科学研究院机车车辆研究所,连气管路隔热装置,特别|燃气轮机|气管路|内燃机|排气管路|隔热,抗性能,,特别|燃气轮机|内燃机|排气管路|隔热,50.0
129,CN85102426A,邸元春$$邸谦,彩色电视机提取基准付载波电路波电路,提取|电路|电视机|彩色电视|载波|基准|PAL|彩色,具有简单|电路简单|简单造价低|简单稳定|电路稳定|有简单稳定|简单低廉|简单低|电稳定|有简单低廉|简单廉|造价低廉|低廉稳定,,PAL|彩色电视,50.0
130,CN85102426B,邸元春$$邸谦,PAL制彩色电视解码器,提取|电视机|基准|彩色电视|载波|解码器|PAL|彩色,具有简单|电路简单|简单造价低|简单稳定|电路稳定|有简单稳定|简单低廉|简单低|电稳定|有简单低廉|简单廉|造价低廉|低廉稳定,,提取|电视机|载波|基准|PAL|彩色,50.0
131,CN85100100B,清华大学,汽车变速比循环球式转向器,变速|球式转向器|汽车|循环,方向角|比增加％|间增加|向增加|和增加|随增加,,变速|循环|汽车转向,50.0
132,CN85100913A,国营黄石纺织机械厂,复合导布辊的制造方法,导布辊|主要|制造|复合,强提高|工艺简单|强耐好|克服缺陷,,复合|主要|导布辊|纺织印染机械,50.0
133,CN85102493A,北京市丰源机械研究所,双曲肋式波纹管,双曲|波纹管|制造|肋式,增加弹性|超饱稳定|温稳定|好稳定性|高稳定|较高稳定|较高好|件稳定性|较稳定|较高的|有稳定性|力稳定|增加性|稳定性|压力稳定性,,波纹管|制造,50.0
134,CN85100678A,铁道部科学研究院机车车辆研究所,孪Ω型挠性元件,仪器仪表|通用机械|挠性|元件|敏感元件|膨胀节|密封元件|补偿元件|自动控制|化工|动力机械|广泛|炼油|联接件|减振元件,,,仪器仪表|通用机械|挠性|元件|敏感元件|膨胀节|密封元件|补偿元件|自动控制|化工|动力机械|广泛|炼油|联接件|减振元件,50.0
135,CN85102493B,北京市丰源机械研究所,双曲肋式波纹管及其制造方法,双曲|波纹管|制造|肋式,增加弹性|超饱稳定|温稳定|好稳定性|高稳定|较高稳定|较高好|件稳定性|较稳定|较高的|有稳定性|力稳定|增加性|稳定性|压力稳定性,,波纹管|制造,50.0
136,CN85100840B,张启风,旋转冲击凿岩机的冲击装置,特别|旋转冲击|采矿|冲击|凿岩机|采石,提高效|提高功率,,特别|旋转冲击|采矿|凿岩机|采石,50.0
137,CN85100820B,北京农业机械化学院,搅刀——拨轮式排肥、排种器,拨轮式|种器|施肥机|排肥|搅刀,好稳定性|确保稳定|确保良好|确保均匀性|确保均匀|保稳定性|良好稳定|好均匀性|稳定性性|均匀性|性均匀性|稳定性|强耐好|确保稳定性,,排肥|施肥机|通用型,50.0
138,CN85100186A,西北工业大学$$宝鸡消防器材厂,火药燃气发射灭火干粉的方法与装置,粉剂|火灾|火药|燃气|电器|干粉|灭火|扑灭|发射,明简单|明结构简单|本结构简单|维护方便|结构简单|构简单,,粉剂|火灾|扑灭|电器,50.0
139,CN85100001B,航天工业部第二研究院二○七所,可变光学滤波实时假彩色显示装置,光学|显示装置|可变|假彩色|光学滤波,强耐好,,光学,50.0
140,CN85100287A,浙江大学,一种用于高压纯气气瓶的截止减压两用阀,减压|两用|高压|截止|气瓶|纯气,本紧凑方便|满足度|本结构紧凑|结构紧凑|结构紧凑操|操方便|高要求|紧凑操方便|结构方便|紧凑方便|满足度要求,,高压,50.0
141,CN85100841A,北京有色金属研究总院,伴有沉淀分离的溶剂莘取装置及其过程,分离|澄清型|混合|溶剂|溶剂萃取|沉淀,适应性强耐|效率性|效率高|高自适应|适应强|效率性强|效率高适用|效率强|强适用|效率高用|适应性强|效率用|强耐好,,分离|澄清型|混合|溶剂萃取|沉淀,50.0
142,CN85103560A,青田县电器技术研究所,一种七柱式叠片型(或卷片型)单铁心的三相饱和电抗器,柱式|铁心|三相|电抗器|叠片型|卷片,,,电工|三相,50.0
143,CN85100014A,天津大学,脱气填料塔,填料塔|脱气,较明显|稳定分布|稳定防|用气稳定|稳定喷|料稳定|稳定用,,,50.0
144,CN85101085A,陈友年,活塞式无曲轴液力传动内燃机,内燃机|无曲轴|活塞式,减少空气|内污染|克服传统|内减少,,,50.0
145,CN85103710A,汤良恕,一种放置在桌面上方便读写的阅读架,阅读架|放置|读写|桌面上,方便阅读|方便读写|放置方便|方便用|方便读,,书刊,50.0
146,CN85102512A,邓景星,离子微波选矿方法及选矿机,机械|离子|微波|选矿,具有简单|小构造简单|效率优|能效率高|构造简单|简单低高|构造简单低|能耗低高|能耗效率|简单低|简单效率|能耗污染|简单无|体积小简单|体积小高|简单低无|小效率高|简单耗|简单效率无|能耗低|简单污染|体积小低|构造简单高|简单无污染|效率无污染|体简单|简单高广|小能耗低|耗效率高|效率高|效率高优|体积小效率|简单能耗低|简单移动|体积小|简单能|简单高无|能耗低无|构简单|能效率|简单效率高|体积小移动|简单率|效率高无|有构造简单|简单高|简单高少|效率无,,机械|选矿,50.0
147,CN85101705A,湖北省武汉钢铁学院,可逆式电动夯实机,可逆式|电动夯实|建筑|夯实|筑路,机简单|克服结构|机结构简单|克服复杂|结构简单,,夯实|筑路|建筑,50.0
148,CN85102592A,南开大学,能产生均匀磁场的马鞍型线圈,线圈|均匀磁场,准确算|准确出|强均匀|均匀出|强准确|均匀准确|强耐好,,均匀磁场,50.0
149,CN85100842A,北京钢铁学院,一种强化电炉冶炼的旋流式煤氧枪,电炉冶炼|强化|氧枪|旋流式,大降低|地降低|幅度降低,,电炉冶炼|强化,50.0
150,CN85102590A,南开大学,一种分离纯化制备神经节苷脂工艺,分离|纯化制备|生物活性|神经节苷脂|制备,大节省|节省量|节省时间|大节省时间|节省用量|节省机|简化中|节省时,,制备|生物活性,50.0
151,CN85103615A,邢乘骏,真空粉末感应堆焊工艺和设备,感应|硬化|堆焊工艺|真空粉末|金属涂层|焊接,提效率|节省高|节省效率|有高效|时间效率|省提高效率|改进高|节省时|和提高|提高效|和节省|省时高效|提高率|提高效率|改进时间|和提高效率|省高效|节省时间|比提高效率|比节省时间|改进时,,金属涂层|焊接|硬化,50.0
152,CN85103300A,哈尔滨铁路局减速顶调速系统研究中心,铁路车辆加速顶,铁路|气动|钢轨|车辆加速|固定|调速,维修方便|显著提高|显著提|安全能力|降低造价|结构简单|构简单|修方便,,气动|钢轨|车辆加速|固定|调速,50.0
153,CN85102864A,中国建筑科学研究院混凝土研究所,单轨道、附着固定扇的推拉窗(门),围护结构|推拉窗|发明|开闭|建筑物|类似物|固定|附着|轨道,节省造价|节省材料|节省材料低,,开闭|围护结构|类似物|建筑物,50.0
154,CN85100033A,天津大学,硬性圆螺旋波导的制造方法,制造|元件|波导|硬性|螺旋,,,波导|元件,50.0
155,CN85102233A,云南省电信器材厂,高频用户环路载波电话设备,载波|高频|电话设备|用户环路,增加设备|增加方|电路稳定|电稳定|稳定下,,,50.0
156,CN85102471A,山东省高唐拖拉机站,机械爬杆车,机械|爬杆|电业|特别,,,机械|爬杆|电业|特别,50.0
157,CN85100389A,机械工业部第八设计研究院,异步电机转矩——转速特性动态测试方法和装置,转矩|异步电机|测试方法|物理,增加力矩|操方便|分别增加|增加矩|投资省短|增加轮|投资省|投资省高|精度高|操作方便,,物理,50.0
158,CN85100827A,华中工学院,定量泵液压系统,定量泵,系统大减少|系统减少|大减少|大幅减少|地减少,,定量泵,50.0
159,CN85100828A,华中工学院$$机械工业部第三勘测分院,一种汽车装载式地质钻机,地质钻机|汽车,方便地访|节省时|能方便地|方便地育|方便移|能方便|方便地放|方便地移|方便地|动力方便|方便地收|方便地测|提高工|方便地撑|方便钻|提高工效|方便地升|方便孔|动方便|方便地输,,,50.0
160,CN85100690A,机械工业部郑州机械研究所,推拉短路过渡焊接方法及其脉动送丝机,推拉|脉动|特别|过渡|短路|送丝机|电弧焊接|CO2|焊接|气体,改进位置|准确动|提供动|动准确|提供准确|能准确|提供能|空间提供,,气体|电弧焊接|特别|CO2,50.0
161,CN85104410A,杨春山,新式高效汽缸,铁路|特别|高效|作功|汽缸|动力输出|活塞往复|蒸汽机车|新式|运行|汽压,有高效|能高效|蒸高效|新高效,,铁路|动力输出|蒸汽机车,50.0
162,CN85100896A,北京电子二厂,半导体表面钝化方法,半导体器件|半导体|表面钝化,备范围,,半导体器件,50.0
163,CN85101994A,交通部上海船舶运输科学研究所,一种工业电脑中文系统,工业,快速操|快速检|快速检索|快速简便,,工业,50.0
164,CN85103440A,修昌珉,一种防冻水龙头,防冻|水龙头|供水系统,装方便|安装方便,,供水系统,50.0
165,CN85100885A,中国科学院化学研究所,聚丙烯的高速纺丝技术,聚丙烯|纺丝|高分子,提效率|效率低成本|效率少|工艺成本|效率降低|提高工|少降低成本|效率减|效率成本|效率降|高降低成本|减少成本|减成本|提高工序|减少工序|提高效|提高率|高减少|高减少成本|效降低成本|率降低|效率降成本|提高成本|效率低|新减少|降低成本|降成本|高成本|提高低|高降低|和降低成本,,高分子,50.0
166,CN85200121U,西安交通大学,一种流体滤波器,流体|滤波器,良好降低,,,50.0
167,CN85200448U,赵松奇,餐桌洗衣机,餐桌|洗衣机,增加能|增加用,,,50.0
168,CN85201024U,张君豪,方便的一次性使用的手电筒,一次性,结构简单|构简单|性方便,,一次性,50.0
169,CN85200460U,陈恒昌,自开自合折叠晴雨伞,晴雨伞|遮阳|可单手操作|折叠|避雨,,,可单手操作|遮阳|避雨,50.0
170,CN85200265U,南京工学院,用霍尔元件测力的电磁激振器,测力|动力分析|霍尔元件|激振|电磁激振器|试验,大提高|配置简单|测量精度,,动力分析|激振|相对式|试验,50.0
171,CN85200467U,周春生$$何执吾,直热式远红外线电热元件,电热元件|远红外线,,,远红外线,50.0
172,CN85200225U,李迎春,一种方便饮茶杯,饮茶|茶杯,适用方便|通方便|车间用方便|像方便|方便上|方便克服,,饮茶,50.0
173,CN85200192U,东北工学院,多段冲击式静电除尘器,分离|气流|冲击式|静电收集|离子|静电除尘器|固体|含尘|新型|联机|检索,结构简单|较好适应|构简单,,分离|气流|静电收集|离子|固体|含尘|新型|联机|检索,50.0
174,CN85200038U,清华大学,微机电压无功综合控制装置,控制|在线控制|电压无功|发明|电力系统|微机|系属,,,在线控制|电力系统|系属|发明,50.0
175,CN85200325U,张国栋,弹簧焊片呈阶梯状排列的电缆连接器,焊片|弹簧|阶梯状|电缆连接器,简单小大|方便寿命长|要求简单|密度寿命长|过寿命|要求方便|方便者|连接方便|大简单|时动简单|简单小|使用简单|便简单|维护寿命长|用方便简单|方便小大|触简单|方便简单长|体积小长|简单小高|电方便|寿命长|连接寿命长|通简单|密度大|连接简单|能简单|方便小高|方便小|能方便简单|方便简单小|过方便|能方便|通方便|方便维护|靠方便|方便长|单体积小|方便寿命|体积小|接方便|维护简单|方便体积小|简单体|大体积小|大方便|解决方便|大方便简单|小寿命长|要简单|使用方便|简单寿命|简单小少|简单寿命长|方便体|简单体积小|简单小光|简单长|大寿命长|接触方便|方便简单,,,50.0
176,CN85200025U,清华大学,聚焦X光衍射计,晶体|聚焦|物质|X光衍射|测试仪器|物理,结构简单,,物质|晶体|测试仪器|物理,50.0
177,CN85200021U,清华大学,微机化通用热量计,介质|测量载体|通用|热量计|传输,,,测量载体|介质|传输,50.0
178,CN85200202U,解志超,路面冰雪破碎装置,公路|交通|破碎|路面冰雪,方便地访|装方便|固紧强|能方便地|方便地育|提效率|能方便|方便地放|提高效|方便地|方便地收|方便地撑|方便上|方便地升|大减少|方便地测|方便地输|方便地破碎,,公路|交通,50.0
179,CN85200076U,鞍山市静电技术研究所,组合化超高压静电发生器,发生器|组合|静电|超高压,本简单节约|具有简单|发方便|小结构简单|简单便于|方便料|体简单方便|重量轻方便|轻结构简单|节约材料|构简单方便|重量轻简单|本方便便于|本结构简单|简单节省|方便节省|方便于|发生方便|本简单方便|方便带|简单便|体积小省|方便等|简单节约|体结构简单|电方便|体积小简单|体积小维护|器结构简单|重量轻|重量轻携带|本简单节省|轻简单|本简单便于|本方便节省|简单维护|发生简单|体积小重量|维护方便|方便便于|发生器|有结构简单|小简单节省|简单带|体积小携带|本便于携带|体简单|方便节约|方便携带|结构方便|有简单方便|轻方便|节省源|体积小|小节约材料|体积小轻|简单能|小便于携带|结构简单|构简单|体积小便于|小简单方便|小方便便于|简单方便|节省能源|本简单维护|轻简单方便|本简单带|方便材料|小重量轻|简单携带|体积小方便|方便省|重量轻便于|重量简单|简单省|方便源|重量轻维护,,静电|超高压,50.0
180,CN85200035U,清华大学,宽带介质波导定向耦合器,介质波导|电路|宽带|定向耦合器|毫米波|性能良好,降低成本|降成本,,电路|宽带|低成本|毫米波|性能良好,50.0
181,CN85200451U,孟武,电磁感应式三用诊断仪,脉象|血压|心电图|医学诊断|仪器|诊断仪|电磁感应式,仪器简单|简单精确|简单测|器结构简单|简单测量|结构简单|构简单,,心电图|脉象|血压,50.0
182,CN85200144U,南京工学院$$南京分析仪器厂,带干燥剂的密封插头座,电极|干燥剂|密封插头|质谱|离子|信号|信号放大器,简单用方便|具有简单|小结构简单|有性能方便|体简单方便|构简单方便|性能优|简单性|简单便|体结构简单|体积小简单|性能方便|有结构简单|能方便|体简单|靠方便|性方便|结构方便|有简单方便|性能可靠|体积小|简单能|结构简单|构简单|小简单方便|简单方便|结构能方便|简单能方便|体积小方便|简单性能,,电极|质谱|离子|信号|信号放大器,50.0
183,CN85200027U,清华大学$$唐山市科委,中速内分离循环燃烧沸腾床装置,分离|动力锅炉|沸腾|固体燃料|化工|中速|工业|燃烧设备|燃烧室|沸腾床|循环燃烧,率降低|提效率|效率低|及降低|提高效|提高率|提高比|效率降低|提高低|高降低|效率降,,动力锅炉|沸腾|固体燃料|化工|工业|燃烧设备|燃烧室,50.0
184,CN85200104U,北京师范大学,一种耐高压内循环无梯度反应器,反应器|化工反应器|耐高压|梯度|化学|循环,利用强|强驱动|强耐好|设计强,,化学|化工反应器,50.0
185,CN85200139U,南京工学院,多瓣环形光电颜色传感器,多瓣|光电|颜色|测量仪器|颜色传感器|环形,实结构简单|具有简单|有结构简单|用结构简单|自增加|本实用简单|本结构简单|构简单|本用简单|结构简单|实用简单|精度高等,,多瓣|光电|颜色|测量仪器|颜色传感器|环形,50.0
186,CN85200438U,张腾广,袖珍剥线钳,线钳|剥线钳|袖珍|电工工具,简化程度,,,50.0
187,CN85200207U,何宪才,机械密码锁,家俱|特殊|设施|保险|机械|密码锁|房门,保性能|方便寿命长|无方便|性能强耐|方便美观|方便等|有方便美观|无性能|寿命长|性寿命|无需方便|保密性|强寿命|无寿命长|性能强|方便性能|方便长|开方便|强寿命长|方便寿命|方便性能强|无性能强|方便用|使用寿命|方便式样|方便强|拉方便|强耐好,,家俱|特殊|设施|保险|房门,50.0
188,CN85200444U,核工业部电机运行技术开发公司,同步电机的继电器组合型失步保护装置,保护装置|同步电机|失步|继电器|组合型,动作可靠|动准确|准确运行|准确便于,,电工|同步电机,50.0
189,CN85200310U,中国科学院物理研究所,高精度双滚筒自驱动百圈电位器,高精度|电位器|双滚筒|新型|自驱动|电子器件,稳定工|高精度|长期稳定工|准确动|高精度自动|准确自动|稳定准确|长稳定|长期稳定|可自动|准确工|器提高,,电子器件|新型,50.0
190,CN85200063U,洛阳市技术开发中心,煤气工业锅炉,特别|高效|工业锅炉|煤气,发生器|提高热|采用高效|提高锅炉|提效率|提高效|提高率|通用性高|高效能|高效型|环境污染|通用性|提高工|提高热效,,特别|高效|工业锅炉|煤气,50.0
191,CN85200212U,化学工业部益阳橡胶机械厂,配制角度镶条和角度平尺的夹具,角度|配制|夹具|磨削角度,比提高工效|提高工效倍|比提高倍|提高效|提高工|提高工效,,角度|磨削角度,50.0
192,CN85200313U,中国科学院物理研究所,高灵敏、快响应的、量热式脉冲激光探测器,特别|热式|探测器|高灵敏|响应|测量|能量|脉冲激光|脉冲激光器|重复频率,探测器|监视稳定性|输出稳定|能稳定性|能量稳定性|能稳定,,特别|热式|探测器|能量|测量|高灵敏|响应|脉冲激光|脉冲激光器|重复频率,50.0
193,CN85200305U,田守信,一种营养钵机械分钵移栽机,移栽机|机械|营养钵|移栽|种苗,提高倍|降低强|效率提高|大大降低|大降低度|大降低|降低劳动强|工作效率|降低度|本实用适用|强耐好|劳动强度|降低动,,具体地讲|机械|营养钵|移栽|种苗,50.0
194,CN85200829U,雷良榆,一种高效率内接钢球式变速器,机械|钢球式|变速器|高效率,传动成本低|强效率|高效接|效率优|强效率低|能效率高|成本低|成本低优|效率成本|能力强|可靠性|有成本低|动效率高|成本优|强高好|强效率高|性成本|强好低|效率高好|效率性|效率好|效率高|效率高优|动能效率|可靠性好|可靠性低|效率低等|高效率|能成本|能力效率|强成本低|成本低等|好成本低|能效率|效率低|高成本|效率成本低|高成本低|强耐好|效率好低,,机械,50.0
195,CN85200493U,湖南省农业机械研究所,固定喷灌四用阀,固定喷灌|固定式喷灌|控制管道|水流|用阀,,,水流|固定式喷灌|控制管道,50.0
196,CN85200496U,长沙矿山研究院,轴孔挡圈钳,拆卸|挡圈|轴孔,,,拆卸,50.0
197,CN85200678U,李铁民,隔膜式水龙头,隔膜式|制造|漏水|简单|水龙头|可靠,具有简单|结构成本低|成本漏|相结构简单|和简单|成本低|简单低|成本低制造|和简单制造|相比简单|有成本低|耐用成本低|成本优|传结构简单|简单成本|耐用成本|比结构简单|有结构简单|单成本低|结构成本|简单耐用|用成本低|结构简单|构简单|和结构简单|成本低等|简单成本低|简单耐|简单制|简单制造,,隔膜式|介质|制造|漏水|简单|可靠,50.0
198,CN85200844U,张茂裕,双灯两档开关,特别|无感|电热|小型|发光发热|家用|双灯|家用电器,,,特别|无感|电热|小型|发光发热|家用|家用电器,50.0
199,CN85200548U,冶金工业部长沙黑色冶金矿山设计研究院,CGD-560型粗颗粒强磁选机,抛除|处理量|强磁选机|粗颗粒|60|围岩|矿石|矿山|弱磁性|磁选设备|CG|指标|选矿,原降低|强降低|较降低,,抛除|处理量|围岩|矿石|矿山|弱磁性|磁选设备|指标|选矿,50.0
200,CN85200341U,孙悦年,自动关门装置,自动关门|建筑用|自动关闭,置结构简单|装结构简单|大降低|成本大|结构简单|构简单|装置简单,,建筑用|自动关闭,50.0
201,CN85200078U,甘健秋,回程式离子交换器,离子交换|工业用水|程式|锅炉|离子交换器|用水,实用适用|本实用适用|增加水量,,离子交换|锅炉|用水|工业用水,50.0
202,CN85200535U,孙克恂,拉线式灯泡延寿节能开关,延寿|拉线式|节能|灯泡,避免长|用节省电能|和节省|灯寿命|避免到|避免电流|避免用|节省电能|避免过|过寿命|开关简单|避免能|使用寿命|构简单,,拉线式|灯泡|照明|延寿,50.0
203,CN85200231U,山东省新材料研究所$$黑龙江省二九○农场,重心始终在中垂线上的起重机,中垂线|相平衡|原理|重物|可变|起重机|重心|配重,简单小大|简单小低|起结构简单|机简单|简单小高|简单造价低|简单小少|机结构简单|简单重|起重机|简单小光|简单低|简单小|构简单|述结构简单|结构简单|起简单,,相平衡|原理|中垂线|重物|可变|起重机|重心|配重,50.0
204,CN85200332U,刘二中$$刘大中,太阳能热水瓶,太阳能|热水瓶|生活|利用装置,方便地访|能方便地|方便地育|能方便|方便地放|方便地|方便地收|方便地撑|方便地升|方便地测|方便地输,,太阳能|生活|利用装置,50.0
205,CN85200017U,清华大学,短耦合腔单膜可调谐半导体激光器,激光器|可调谐|单膜|耦合腔|半导体,实用增,,,50.0
206,CN85200234U,山东大学,吞水音图描记仪,水音|医用|描记,简单小大|具有简单|简单小便于|简单便于|成本低便于|构造简单|用构造简单|构造简单小|本实用简单|构造简单低|成本低|简单低|实用简单|简单小|简单便|实用便于|有成本低|简单小高|新便于|低便于携带|用便于携带|简单成本小|简单成本|本简单便于|本简单低|简单带|体积小携带|本便于携带|实用小|单成本低|用成本低|简单低便于|单体积小|成本低小|体积小|本用简单|简单体|实用成本低|构简单|本简单小|体积小便于|小便于携带|简单成本低|本简单带|简单小少|简单低小|构造成本低|简单体积小|简单携带|有构造简单|简单小光|成本低携带|成本低的|成本小,,医用,50.0
207,CN85200308U,中国科学院声学研究所,高温声发射传感器,锆钛酸|灵敏|PZT|传感器|元件|水声|温度|医疗|100|压电材料|工业|陶瓷片|高温|广泛|发射|厚度,结构简单|明简单|明结构简单|本结构简单,,锆钛酸|灵敏|PZT|元件|水声|温度|医疗|100|压电材料|工业|陶瓷片|高温|广泛|传感器|厚度,50.0
208,CN85200137U,沈其工,安全电热褥,电热丝|电热|家用|绝缘电热|安全|物品|金属|电热毯,安全有|保安全|人身安全,,电热丝|电热|家用|绝缘电热|物品|金属|电热毯,50.0
209,CN85200468U,湖南大学,多能冰箱,冰箱|干式,操方便|结构简单|构简单,,干式|吸收式,50.0
210,CN85200327U,北京工业学院,一种液体冷却的固体激光器激光头,固体激光器|激光头|液体冷却,,,固体激光器|激光头,50.0
211,CN85200905U,中山医学院$$中山医学院第一附属医院,微机化增强型体外反搏装置,体外反搏|增强型|物理疗法,,,物理疗法,50.0
212,CN85200099U,石油化工科学研究院,变速调压式循环剪切器,剪切器|元件|涂料|剪切|法制|调压式|变速|油墨|分散|润滑脂|研磨|分散设备|胶体|循环|牙膏,具有简单|灵活优|构简单方便|切方便|简单便|简单剪切|有简单灵活|好灵活方便|有结构简单|简单操|简单灵活|结构方便|有简单方便|简单好方便|灵活方便|结构简单|操作方便|简单操方便|构简单|简单方便|效果好|简单好|操方便|有灵活方便|简单好操,,元件|涂料|剪切|法制|油墨|循环|分散|润滑脂|研磨|分散设备|胶体|牙膏,50.0
213,CN85200023U,清华大学,单板机直接数字控制外延设备,单板机|数字控制|外延,设备简单|操方便|用生产过程|设简单|设备机|备简单|操作方便|高分辨率|本用简单|生产过程|简单输入|广泛应用,,,50.0
214,CN85200338U,颜孟秋,倒套圆筒式火焰筒渣油燃烧器,火焰筒|工业炉|内燃式|渣油|燃烧器|圆筒式|连续,,,工业炉|内燃式|火焰|连续,50.0
215,CN85200232U,张家铜,自动保持液面高度墨水瓶,盛放|办公|书写墨水|自动保持|学习|墨水瓶|液面高度,稳定性高|稳定性高广|通简单|稳定性|利用简单,,学习|盛放|办公|书写墨水,50.0
216,CN85200034U,清华大学$$洛阳建材机械厂,具有异槽式绕组的相位补偿机,槽式|相位补偿|绕组,改善率|改善功率,,,50.0
217,CN85200159U,沈阳潜水泵厂,石棉铁导轴承和止推盘磨擦片,润滑型|生产|导轴承|元素|石棉|缺点|污染环境|铸造过程|青铜|铸造|加工而成|机械|人身|危害|潜水电机|溢出|推盘|轴承,,,润滑型|生产|导轴承|污染环境|缺点|铸造过程|青铜|铸造|加工而成|机械|人身|危害|潜水电机|溢出|元素|轴承,50.0
218,CN85200119U,浙江大学,一种高效率的无磁制冷机,磁制冷机|高效率,高效制|高效无|低高效|高效率|高效制冷|效率无,,,50.0
219,CN85200098U,武汉大学,二级混合泵,喷咀|工作|混合泵|混合|耐腐蚀|流体压力|喷射泵|二级|玻璃制作|材料|金属,,,流体压力|工作|金属|耐腐蚀,50.0
220,CN85200131U,南京工学院,一种低高压驱动器,驱动器|高压,功耗抗干扰|工艺简单|抗干扰,,,50.0
221,CN85200170U,中国科学院金属研究所$$浙江水电设计院钻探器材配件厂,一种耐磨损减震的单螺杆泵,耐磨损|单螺杆泵,显著提高|改进单|显著提|性能高|耐磨性|显著高|提高小,,,50.0
222,CN85200031U,清华大学,带热管的热电空调器,热源|热管|空调器|电器件|冷源|热电|温差|半导体,提利用率|提高能|能利用率|提高电能|提高率|提高利用率|提高用,,热源|热管|空调器|电器件|冷源|温差|半导体,50.0
223,CN85200075U,梧州市日用五金厂,500毫升玻璃瓶罐头容器的卷开盖,50|玻璃瓶|罐头|容器,避免能|获得准确|避免致|深度准确|能准确,,玻璃瓶|罐头,50.0
224,CN85200022U,清华大学,单板机通用控制器,控制|微型机|检测|控制器|通用|高等院校|计算机控制|单板机|信号检测,用户方便|安装方便|装方便|强能力|监测方便|维修方便|安装较方便|调方便|抗干扰能力|较方便|实用检测|抗干扰|用较方便|调试方便|加强能力|强耐好|用广泛应用|修方便,,控制|微型机|检测|计算机控制|高等院校|信号检测,50.0
225,CN85200442U,核工业部电机运行技术开发公司,同步电机的继电组合型断电失步保护装置,保护装置|同步电机|失步|电动机|继电|电工|相机|变配电|备用电源|断电|组合型|同步,适用范围广|灵活范围广|灵活优|灵活适用|保安全|组合灵活|范围广等|灵活用|动作可靠|可自动|范围广|动灵活|灵活范围,,电动机|失步|电工|相机|变配电|备用电源|断电|同步,50.0
226,CN85200368U,中国科学院科学仪器厂,一种通用型直热式六硼化镧阴极,直热式|电子源|阴极|六硼化|通用型,具有简单|有结构简单|成本低强|置结构简单|成本低等|易于加工|成本强|成本优|装结构简单|成本低|通用性强|通用性|本结构简单|成本性|成本低优|结构简单|构简单|装置简单,,电子源,50.0
227,CN85200114U,浙江大学,无泵溴化锂吸收式制冷机,制冷机|WF|公司|生产|吸收式|小型制冷|23|溴化锂|无泵|日本|00|400|5KW,发生器|降低水温|降低水,,公司|WF|生产|吸收式|小型制冷|23|S2|溴化锂|无泵|日本|00|400|5KW,50.0
228,CN85200085U,李继同,一种外注式单体液压支柱,外注式|单体|液压支柱|采煤工作面|顶板,简化工艺|减少环节|实用适用|降低成本|降成本|低成本|本实用适用|实用高|构简单|简化结构|结构简单|简化环节,,采煤工作面|顶板,50.0
229,CN85200133U,南京工学院,绘制斜轴测投影图的专用计算尺,投影图|绘制|学界|计算尺|斜轴|专用|绘图|计算,方便地|行准确|方便地收|准确计算|方便迅速|方便准确|方便地放|参数方便|方便速准确|任意方便|形状准确|方便地升|方便地输|行方便|方便地访|任意准确|参数准确|方便地测|方便地育|迅速准确|方便地计算|方便计算|方便地撑|方便计,,计算|绘图|专用|学界,50.0
230,CN85200084U,李起山,水封水压炮孔爆破水套,爆破|炮孔|水封|水压,降低直径|方便做|方便操|节省时间|加安全|加安全方便|处理方便|降低度|降低浓度|加方便|降低粉尘|节省时,,爆破|炮孔,50.0
231,CN85200395U,天津师范大学,自动开机无钟报时收音、收录机,自动开机|发明|收录机|收音|报时,增加时,,收音机,50.0
232,CN85200474U,刘爱国,一种双组三接点钨丝灯泡及灯头,钨丝灯|接点|灯头|双组,实用增|新增加|灯寿命|实用增加|提高寿命|提高用,,,50.0
233,CN85200466U,孙克恂,墙壁暗装式灯泡延寿节能开关,延寿|暗装式|节能|灯泡,用节省电能|和节省|灯寿命|节省电能|避免过|使用寿命,,延寿|灯泡|照明|暗装式,50.0
234,CN85200497U,长沙矿山研究院,管式膨涨螺栓,管式|螺栓|固定,安装方便|装方便|固紧强|实用方便|提性能|本实用方便|实用安装|提出方便|方便性能|方便性能好|方便好|新型方便|实用好,,固定,50.0
235,CN85200452U,机械工业部北京起重运输机械研究所$$唐山冶金矿山机械厂,下运带式输送机制动装置,特别|带式输送机|煤矿井下|制动|场合|防爆|大型,能自动控制,,特别|带式输送机|煤矿井下|制动|场合|防爆|大型,50.0
236,CN85200266U,南京工学院$$南京分析仪器厂,质谱计与真空计复合电源,真空计|质谱|复合电源|真空度测量,用真空度|准确点|真空度|用准确性|量准确|度准确性,,小型|真空度测量,50.0
237,CN85200521U,中国科学院自动化研究所,低漏率快速电磁阀,漏率|快速|电磁阀|驱动|电磁力,功耗体积小|高体积小|工作可靠|体积小,,驱动|电磁力,50.0
238,CN85200028U,清华大学,花格式太阳墙,太阳墙|采暖|被动式|太阳房|被动|格式,性能好,,被动式|被动|太阳房|采暖,50.0
239,CN85200117U,浙江大学,一种新型脑电图测量电极,重要|容易|电极|电传感器|测量电极|医用生物|脑电测量|电极结构|传递|传感元件|新型|固定|微弱|性能|脑电信号|脑电图,可自动|固紧强|利用性,,重要|容易|电极|电传感器|测量电极|医用生物|脑电测量|电极结构|传递|传感元件|固定|微弱|性能|脑电信号|脑电图,50.0
240,CN85200230U,济南峨嵋滑动水口厂,一种滑动水口阀,关注|时用|滑动水口|液体金属,实结构简单|滑结构简单|动结构简单|使用方便|制造简单|用结构简单|制结构简单|本实用简单|方便动|本结构简单|构简单|滑动简单|本用简单|结构简单|实用简单|方便滑,,,50.0
241,CN85200161U,张平生$$张千,家用空调煤炉,煤炉|家用空调,避免内|室内污染|能充分利用|内污染|节约能源,,家用,50.0
242,CN85200087U,李道宏,空气分布装置,空气调节|采暖|安装|通风|空气分布|屋顶,节省费|其优点是,,空气调节|采暖|安装|通风|空气分布|屋顶,50.0
243,CN85200337U,黎正中,曲柄圆滑块往复活塞式内燃机,往复活塞式|圆滑块|内燃机|曲柄,简单小大|具有简单|简单重量轻|结构效率|效率优|重量轻高|简单轻|简单效率|简单小|往复运动|简单小高|重量轻|体积小高|小效率高|体积小重量|简单高小|有结构简单|简单振动小|结构体|简单高广|效率高|效率高优|机结构简单|单体积小|体积小效率|重量轻小|体积小|体积小轻|简单体|结构简单|构简单|简单振动|简单效率高|机简单|简单小少|简单率|小重量轻|简单体积小|简单重|结构效率高|简单小光|简单高|效率高小|简单高少,,往复活塞式|无连杆,50.0
244,CN85200470U,潘振平,胡椒粉碎器,粉碎器|胡椒|日常,装方便|方便省|使用方便,,日常,50.0
245,CN85200001U,航天工业部第二研究院二八四厂,杯式感冒理疗器,物理疗法|感冒|理疗器|医用|杯式,发生器|简单能|简单产生|简单制|简单发生|简单计|采用简单|本实用适用|简单结构|简单设计,,物理疗法|医用,50.0
246,CN85200089U,章维新,家用燃气快速热水器,燃气|热水器|家用|快速,方便连续|方便时|能方便|方便及时|方便充足|方便续,,家用,50.0
247,CN85200224U,刘雪华,一种石英玻璃远红外管加热装置,用电|管加热|石英玻璃|远红外,,,用电|管加热|石英玻璃|远红外,50.0
248,CN85200134U,南京工学院,铝栅MOS/双极复合功率管,复合|MOS|铝栅|集成|功率管,大功率,,集成,50.0
249,CN85200122U,西安交通大学,大型交流电机定子线棒的新结构,导线回路|大型|交流电机|漏磁通|附加|单元|定子线棒|换位|引起|导线|循环电流,单元降低|流结构|降低水|降低水平,,导线回路|大型|交流电机|漏磁通|附加|单元|定子线棒|换位|引起|导线|循环电流,50.0
250,CN85200045U,清华大学,封装二极管式毫米波宽带检波器,二极管式|宽带|封装|毫米波|检波器,成本低等|改善灵敏度|可靠性高|降低值|灵敏度|改善电压|成本低|实用高|改善度|可靠性,,毫米波|电路,50.0
251,CN85200064U,邹先春,自动脱钩器,车站|码头|自动脱钩|林区|矿山|场合|广泛,克服弹簧,,车站|码头|林区|矿山|场合|广泛,50.0
252,CN85200032U,清华大学,射流—抽吸式空气集热器,空气集热器|供暖|射流|抽吸式|空调通风|太阳能空气集热|干燥,效率提高,,太阳能空气集热|供暖|空调通风|干燥,50.0
253,CN85200406U,首都钢铁公司,悬丝耦合弹性测量换能器,仪器仪表|耦合|悬丝|弹性测量|换能器|机械|电磁|传感器,,,机械|电磁|仪器仪表|传感器,50.0
254,CN85200086U,地质矿产部地质研究所,立体罗盘仪,地质|罗盘仪|工作|磁性|立体,较简便|较灵活简便|较灵活|使用简便,,地质|工作|磁性,50.0
255,CN85200175U,辽宁省大连市新金县四平镇农机厂,一种滚珠圆弧面蜗杆传动装置,圆弧面|蜗杆传动|滚珠,装效率|效率能力|制造方便|效率高|动效率高|自效率高|加工方便|效率强|高能力强|加方便|能力强|性能力强|强耐好|性效率,,圆弧面|蜗杆传动|滚珠,50.0
256,CN85200077U,鞍山市第二运输公司,等压式液位显示计量仪,液位显示|等压|储油罐|计量|液体容器|油料|储存|油罐,设置方便|准确量|准确出|压方便|计方便|本实用简单|准确显示|简单结构|压力准确|本用简单|实用简单,,液位显示|储油罐|油料|计量|液体容器|储存|油罐,50.0
257,CN85200158U,鞍山钢铁公司$$鞍钢冷轧薄板厂$$鞍山钢铁学院,双卷盘自调等张力卷取装置,连续剪切|卷取|带材|等张力|卷盘|收集,提高业率|提高成材率|操作简便|提高率|简便灵活,,连续剪切|收集|带材|边带,50.0
258,CN85200279U,徐州造纸厂,多功能选纸计数装置,多功能|计数,适应品种|正向适应|适应纸张|和适应,,造纸工业,50.0
259,CN85200130U,南京工学院,流化表面干燥制粉装置,原料液|流化|制粉|表面干燥,简单便|本简单紧凑|具有简单|本简单操|置结构简单|有结构简单|结构简便|简简便|简单紧凑|简单简便|简单操|装结构简单|本结构简单|本简单简便|结构简单|构简单|装置简单,,原料液,50.0
260,CN85200162U,柳金林,降低无功电流的电动机起动装置,无功电流|鼠笼型|电动机|异步电动机|起动|电器设备|自耦|降压|全压,降低量|降低容量|降低动|降低电流,,鼠笼型|异步电动机|起动|电器设备|自耦|降压|全压,50.0
261,CN85200335U,吴旦人,袖珍型折叠衣架,袖珍型|个人|旅行|折叠衣架|家庭用品,,,旅行|家庭用品|个人,50.0
262,CN85200371U,江苏省农业机械研究所,登杆工程车,登杆|车辆|工程车,实用适用|本实用适用|方方便|技术问题|锁方便,,登杆|车辆,50.0
263,CN85200411U,首都钢铁公司$$东北工学院,惯性共振概率筛,粒状物料|停车|筛分|惯性|适宜|共振|概率筛|振动|无滞后,,,粒状物料|停车|筛分|振动|适宜|无滞后,50.0
264,CN85200486U,陈源生,家用节煤热风炉,制造|热风炉|节煤|动态|平衡原理|家用,提高热|效率减|提高能|提效率|提高效|提高率|高减少|效率节能|提高热效|达效率,,家用|平衡原理|动态|制造,50.0
265,CN85200402U,首都钢铁公司,桥式起重机称量传感装置,称量|天车|桥式起重机|传感,准确高|称量准确|准确提高|量准确|准确率|和提高,,桥式起重|天车,50.0
266,CN85200713U,浙江大学,电动自行车电机,交通工具|电机|电动自行车,成本低等|工艺简单|制造简单|成本优|成本低,,交通工具,50.0
267,CN85200465U,孙克恂,推键式灯泡延寿节能开关,节能|推键|灯泡|照明|延寿,用节省电能|和节省|灯寿命|避免电流|开关简单|节省电能|避免过|使用寿命|构简单,,推键|床头|灯泡|照明|延寿,50.0
268,CN85203020U,新疆维吾尔族自治区石河子市第一中学,套管配接式几何体教学用具,套管|教学用具|个人|特别|学生|几何体|数学,构简单|零部件|部件简单,,教学用具|个人|特别|学生|几何体|数学,50.0
269,CN85200118U,浙江大学,一种新型胸前心电图测量电极,心电图|测量电极|新型|医用生物,方便小大|方便时|使用方便|方便测量|方便测|方便小,,医用生物,50.0
270,CN85200041U,清华大学,光导纤维检测风扇叶形装置,检测|风扇叶,操方便|读简单|结构简单|操作方便|清结构简单|清晰简单,,检测,50.0
271,CN85200044U,清华大学,大孔同轴度精密检测用的光电接收靶,精密检测|同轴度|大孔|光电接收,自动地,,同轴度|大孔,50.0
272,CN85200517U,东北师范大学,氯化锂温湿自动记录仪,数字化|自动记录仪|温湿|环境监测|氯化锂,提供数|重量轻|体积小高|体积小精度|提供环境|提供参数|小重量轻|小精度高|重量轻高|重量精度高|体积小|体积小轻|体积小重量,,数字化|环境监测,50.0
273,CN85200751U,王海平,立体锥形橡皮擦,锥形|橡皮擦|字迹|形状|立体,增加边|大增加|增加用,,,50.0
274,CN85200880U,张亚仁,一种带有肋片的锅,肋片|炊事,提高热|提利用率|提高能|能利用率|实用方便|本实用方便|提高率|利用率|提高利用率|节省燃料|新型方便|提高用,,炊事,50.0
275,CN85200790U,詹泉耿,三维垂直度仪,位置|三维垂直|机械零件|仪器|垂直度|检验|计量|长度,,,位置|机械零件|垂直度|仪器|检验|计量|长度,50.0
276,CN85201047U,天津市电车公司,家庭烹调采暖两用炉,家庭|采暖|特别|营业|烹调|商店|两用|面积|厨房用品|加热|管道|单元|散热片|小型|住户,增加部位|增加面积,,家庭|采暖|特别|营业|烹调|商店|面积|厨房用品|加热|管道|单元|散热片|小型|住户,50.0
277,CN85200887U,华中工学院$$武汉长虹模具厂$$武汉液压件厂,叶片泵,叶片泵,提高长比|延长寿命|率寿命|提效率|提高率效率|提高容积|提高效|提高率|效率寿命|提高寿命|高效率|提高率延|提高效率|高效长寿命|效率率,,,50.0
278,CN85200120U,浙江大学,低压旋流型煤浆雾化喷嘴,重要|储量|燃油|雾化喷嘴|代油|燃烧|旋流型|日益|紧张|煤浆|世界|供应|石油|低压|节约|化工原料,设计方便|计方便|无方便,,重要|储量|燃油|代油|燃烧|日益|紧张|煤浆|世界|供应|石油|节约|化工原料,50.0
279,CN85200002U,天津第二变压器厂,油田潜油电泵及其控制系统用三绕组变压器,三绕组变压器|电力|控制系统|油田|潜油电泵,降低费用|降低线路|降低投资|降低用|降低设备,,电力,50.0
280,CN85200066U,陕西省宝鸡岭北工业公司,独轮手扶拖拉机,独轮,牵引力|系统便于|用便于维修,,独轮,50.0
281,CN85200013U,清华大学,液—液膜分相萃取分离设备,液膜|萃取分离,增加膜|提高能|增加面积|增加积|提高能力,,,50.0
282,CN85200198U,鲁迅美术学院,多功能人体活动模型,多功能人体|造型|艺术|活动,大灵活|动灵活|有灵活性|最灵活,,艺术|造型,50.0
283,CN85200484U,湖南省机械研究所,轻型自动制动横臂起重机,横臂|自动制动|轻型|起重机|悬臂式,便安全|操方便|装卸料|方便整|方便用|操作方便|方便全,,悬臂式,50.0
284,CN85200246U,翟允,染发梳,染发梳,,,美容,50.0
285,CN85200606U,北京航空学院,活齿针轮减速机,减速机|传动装置|通用|针轮|机械|活齿,简单维修|简单容易|简单易高|简单容|标准化|简单易|结构简单|构简单,,机械|减速机|通用|传动装置,50.0
286,CN85200080U,庞涛,儿童学习板,石制|玩具|智力|儿童|用具|学龄前|木制|学习,增强用|及简单|增强力|增强玩|强耐好|可直接,,石制|玩具|智力|儿童|用具|学龄前|木制|学习,50.0
287,CN85200273U,大连化学工业公司,无针注射器,防疫|治疗|注射|注射器,简单用方便|用简单安全|构简单方便|剂量准确|大降低|使用简单|简单便|用本简单|简单安全|此结构简单|量准确|外结构简单|维修方便|无安全|结构方便|成本度|进安全|成本大|结构简单|构简单|简单方便|此外方便|简单维修|此外简单|使用安全|修方便,,防疫|注射|治疗,50.0
288,CN85200261U,南京工学院,微晶玻璃气体激光器,TE|uni|AD|mm|美国|105|有机材料|微晶玻璃|12|石英|气体激光器|杂志|Rapid|外壳|陶瓷|ac|CO2|19|AO|96|玻璃|Op|Co,稳定稳定性|稳定性好|稳定性性|稳定性性好|稳定性稳定|稳定好|热稳定|稳定性|性稳定性,,TE|uni|AD|mm|美国|有机材料|105|12|石英|杂志|外壳|ac|陶瓷|Rapid|CO2|19|AO|96|玻璃|Op|Co,50.0
289,CN85108484A,株式会社日立制作所,旅客传送机的栏杆,旅客|传送机|人行道|自动扶梯|栏杆|移动,简单制|简单撑|简单支撑|简单结构|简单行,,旅客|传送机|人行道|自动扶梯|栏杆|移动,50.0
290,CN85100621A,电子工业部第三研究所,数字时基校正器,校正器|DT|Tim|git|Co|Base,,,校正器|DT|Tim|git|Co|Base,50.0
291,CN85108209A,三菱电机株式会社,温度测量装置,温度测量|特别|测量|温度|变化|吸收光谱|边界|温度传感器|传感器,温度性|降低时|温度准确|发生准确|时间准确|无准确|长提供|准确输出|时间降低|特性准确|性降低|度特性降低|化特性|化降低|降低能|降低准确|提供准确|传感器|变化特性|能准确,,温度测量|特别|测量|温度|变化|吸收光谱|边界|温度传感器|传感器,50.0
292,CN85104264A,黄景开,通用包装板,通用|包装,装方便|时能方便|能方便|用时方便,,包装,50.0
293,CN85101005A,冶金工业部建筑研究总院,高压旋转干喷法和双管旋转干喷器,地基基础|加固|喷器|双管旋转|高压|地基加固|旋转|专用|喷法|改良|建筑物,提高倍|固紧强|强耐好|强提高,,加固|地基加固|专用|地基基础|改良|建筑物,50.0
294,CN85104157A,天津市轻工业化学研究所,一种眼部美容化妆品,眼部|美容,,,眼部|美容,50.0
295,CN85107760A,艾尔费拉瓦尔海洋电力工程公司,流动指示装置,流体通道|流体入口|流体出口|安排|面积|流通|通道|承托|改变|组件|活门组件|推动|壳体|流动|出口|安装|外壳|移动|壳件|连接|流体流|连续|入口|弹簧|流体流量|抵抗|指示,组增加|减少通道|增加通道|增加面积|增加积|内减少|内增加|增加道次,,流体通道|流体入口|流体出口|安排|面积|流通|通道|承托|改变|组件|活门组件|推动|壳体|出口|安装|外壳|移动|壳件|连接|流体流|连续|入口|弹簧|流体流量|抵抗|指示,50.0
296,CN85101916A,胡治飞,防近视报警装置,容易|距离|看书|报警装置|眼睛|近视|防近视|垂直|头部|书本|倾斜角度|时间|写字,简单用方便|具有简单|有结构简单|简单便|使用方便|构简单方便|结构方便|有简单方便|可自动|结构简单|构简单|简单方便,,容易|距离|看书|报警装置|眼睛|近视|防近视|垂直|头部|书本|倾斜角度|时间|写字,50.0
297,CN85105514A,北京泰科电子技术开发总公司,彩电立体化电路装置,立体化|电路|彩电,时增加差|增加方|增加用|增加法|时增加度|增加边|增加差|增加信号|增加度,,立体化|彩电,50.0
298,CN85104152A,孟宪芝,油粉混溶的化妆品,化妆|化妆品|油粉,,,化妆,50.0
299,CN85100104A,清华大学$$北京环宇电机厂,绕组位置最佳的方铁芯4极单相电机,位置|单相电机|最佳|铁芯|绕组,提高效|提高率|提效率,,单相电机|铁芯,50.0
300,CN85107867A,石家庄市自动化研究所,半导体整流器件动态分析仪和质量,分析方法|电性能测试仪|动态|动态参数|分析仪|半导体|整流器件,改进技术|提供技术|改进产品,,动态参数|电性能测试仪|半导体|整流器件,50.0
301,CN85108430A,杨光宇,单输入线多继电器组合控制装置,组合|组合控制|特别|控制电路|多继电器|单输入,降成本|节省资源|节省源|安装成本|简化操,,多继电器|特别|组合|控制电路,50.0
302,CN85100419A,上海建筑材料工业学院,坐式自行车,坐式,发方便|自行方便|具有安全|方便度成本|便安全|方便成本低|方便全强|方便安全低|成本低|省安全|有成本低|成本优|自方便|省力安全|方便成|方便安全强|方便全|全成本低|方便安全|度成本低|行成本低|方便低|舒适方便|省力方便|省成本|方便高|省成本低|省方便|方便安全高|安全强|强成本低|安全成本低|安全高|高成本|方便强|高成本低|成本低的|方便成本|强耐好,,坐式,50.0
303,CN85107483A,中国市政工程西北设计院,环式离心流量计,给水工程|处理|事业|流量计|工业污水处理|流量测量仪|独特|城市给排水|测量仪表|离心|环式|排水工程|环保|流体流量|生活|高浊度,冶金环保|化工环保|结构简单|构简单|广泛应用,,独特|处理|工业污水处理|排水工程|给水工程|生活|高浊度,50.0
304,CN85103010A,内蒙古自治区电子研究所,电脑控制的功率因数补偿方法及其使用的电脑功率因数补偿器,电脑控制|电脑|补偿器|电力电子|功率因数|补偿,高速精确|高精确|无精确,,电力电子,50.0
305,CN85109291A,国际标准电气公司,执行通讯协议转换的设备及方法,通讯协议|转换|执行|协议,降低能|降低能力,,通讯协议|转换|执行|协议,50.0
306,CN85100117A,清华大学,低水灰比净浆裹石混凝土工艺,包裹|水泥混凝土|净浆|石子|水灰比|搅拌工艺|混凝土,改善结构|显著改善|和节省|提高水|强节省|强提高|高节省|强耐好,,包裹|水泥混凝土|净浆|石子|搅拌工艺|水灰比,50.0
307,CN86100491A,美商贝洛特公司,自适应恒定匀浆机强度控制系统,常数|恒定|匀浆机|可调|强度|主驱动|测量数据|运转|控制系统|驱动电机|计算,,,常数|匀浆机|可调|主驱动|测量数据|运转|控制系统|驱动电机|计算,50.0
308,CN85103902A,巴马巴马尔机器制造股份公司,绕线机,缠绕|绕线机,避免用|避免上霉,,缠绕|人造纤维,50.0
309,CN86101273A,巴马格·巴默机器制造股份公司,卷曲机的加热装置,空气喷射|热空气|热塑|假捻|加热|连续|卷曲机上|变形|机上|卷曲,,,处理|空气喷射|热空气|热塑|假捻|连续|卷曲机上|变形|机上,50.0
310,CN85100016A,天津大学,扣式空气电池中空气电极的工艺,空气电池|空气电极|扣式,,,,25.0
311,CN85200203U,邵忠平,带有印章和印泥盒的钢笔,印章|钢笔|印泥盒,,,,25.0
312,CN85200004U,天津大学,PN结传感数字温度计,温度计|PN|传感,,,,25.0
313,CN85200635U,陈建刚,橡胶圈,,方便地访|能方便地|方便地育|方便起|能方便|方便地放|方便快速|能快速|方便地|方便地收|能方便快速|方便地撑|方便地升|方便快|方便地测|方便地输|方便胶,,,25.0
314,CN85200686U,外费尔特克斯电热印刷有限两和公司,在转印法中所用的印刷装置,带状材料|木材|印刷|陶瓷|不可|转印|材料|金属|塑料|板状,,,,25.0
315,CN85200140U,南京工学院,高效抽氢致冷机低温泵,高效|低温泵,,,,25.0
316,CN85200123U,南京工学院,一种电磁放气真空阀,真空阀|电磁,,,,25.0
317,CN85102331A,松下电器产业株式会社,电毯子,,可自动,,,25.0
318,pubid,,,,,,,0.0
319,CN85100284B,北京大学,光调制自动光测弹性应力的方法和装置,,,,,0.0
320,CN85104444A,王维奇,钢管混凝土结构与应用技术,,,,,0.0
